{
  "$schema": "https://schema.management.azure.com/schemas/2015-01-01/deploymentParameters.json#",
  "contentVersion": "1.0.0.0",
  "parameters": {
    "resourceBaseName": {
      "value": "bot${{RESOURCE_SUFFIX}}"
    },
    "botAadAppClientId": {
      "value": "${{BOT_ID}}"
    },
    "botAadAppClientSecret": {
      "value": "${{SECRET_BOT_PASSWORD}}"
    },
    "azureOpenAIKey": {
      "value": "${{SECRET_AZURE_OPENAI_API_KEY}}"
    },
    "azureOpenAIEndpoint": {
      "value": "${{AZURE_OPENAI_ENDPOINT}}"
    },
    "azureOpenAIDeploymentName": {
      "value": "${{AZURE_OPENAI_DEPLOYMENT_NAME}}"
    },
    "webAppSKU": {
      "value": "B1"
    },
    "botDisplayName": {
      "value": "bot-ai-meeting-helper"
    }
  }
}