[
  {
    "name": "officedev-microsoft-teams-samples-bot-ai-meeting-helper-nodejs",
    "source": "officeDev",
    "title": "AI-powered meeting helper to summarise meeting and create action items using Azure Open AI",
    "shortDescription": "This sample uses Azure OpenAI to extract meeting action items and summaries, sending them directly to subscribed participants in Microsoft Teams.",
    "url": "https://github.com/OfficeDev/Microsoft-Teams-Samples/tree/main/samples/bot-ai-meeting-helper",
    "longDescription": [
      "This sample leverages Azure OpenAI to automatically extract action items and generate summaries from meeting transcriptions, delivering them to subscribed users in Microsoft Teams. It utilizes Graph API, Azure Table Storage, and self-signed certificates for a seamless and secure experience."
    ],
    "creationDateTime": "2024-07-15",
    "updateDateTime": "2024-10-10",
    "products": [
      "Teams"
    ],
    "metadata": [
      {
        "key": "TEAMS-SAMPLE-SOURCE",
        "value": "OfficeDev"
      },
      {
        "key": "TEAMS-SERVER-LANGUAGE",
        "value": "javascript"
      },
      {
        "key": "TEAMS-SERVER-PLATFORM",
        "value": "express"
      },
      {
        "key": "TEAMS-FEATURES",
        "value": "bot"
      }
    ],
    "thumbnails": [
      {
        "type": "image",
        "order": 100,
        "url": "https://raw.githubusercontent.com/OfficeDev/Microsoft-Teams-Samples/main/samples/bot-ai-meeting-helper/Images/bot-ai-meeting-helperGif.gif",
        "alt": "Solution UX showing microsoft teams nodejs bot-ai-meeting-helper sample"
      }
    ],
    "authors": [
      {
        "gitHubAccount": "OfficeDev",
        "pictureUrl": "https://avatars.githubusercontent.com/u/6789362?s=200&v=4",
        "name": "OfficeDev"
      }
    ],
    "references": [
      {
        "name": "Teams developer documentation",
        "url": "https://aka.ms/TeamsPlatformDocs"
      },
      {
        "name": "Teams developer questions",
        "url": "https://aka.ms/TeamsPlatformFeedback"
      },
      {
        "name": "Teams development videos from Microsoft",
        "url": "https://aka.ms/sample-ref-teams-vids-from-microsoft"
      },
      {
        "name": "Teams development videos from the community",
        "url": "https://aka.ms/community/videos/m365powerplatform"
      }
    ]
  }
  ]